name	id	id_without_compartment	base_to_work_from	difference	base_smiles	modified_smiles
Hyodeoxycholic acid-24glucuronide, HDCA-24G	MAM03644r	MAM03644	195891	from 6 to 24	[C@H]5[C@@H]([C@H]([C@@H]([C@H](O5)C(=O)O)O)O)OC[C@H](CCC(=O)O)[C@H]1CC[C@@H]2[C@@]1(CC[C@H]3[C@H]2C[C@@H]([C@H]4[C@@]3(CC[C@H](C4)O)C)O)C	[C@H]5[C@@H]([C@H]([C@@H]([C@H](O5)C(=O)O)O)O)OC[C@H](CCC(=O)O)[C@H]1CC[C@@H]2[C@@]1(CC[C@H]3[C@H]2C[C@@H]([C@H]4[C@@]3(CC[C@H](C4)O)C)O)C
17beta-estradiol-2,3-semiquinone	MAM00411l	MAM00411	11231075	amino to quinone	C[C@]12CC[C@H]3[C@H]([C@@H]1CC[C@@H]2N)CCC4=C3C=CC(=C4)O	C[C@]12CC[C@H]3[C@H]([C@@H]1CC[C@@H]2O)CCC4=C3C=CC(=O)C4O
17beta-estradiol-3,4-semiquinone	MAM00413l	MAM00413	from 17beta-estradiol-2,3-semiquinone			C[C@]12CC[C@H]3[C@H]([C@@H]1CC[C@@H]2O)CCC4=C3C=CC(O)C4=O
estrone-3,4-semiquinone	MAM01794r	MAM01794	https://www.metanetx.org/chem_info/MNXM52646		C[C@]12CCC3C4=CC(=O)C(=O)C=C4CCC3C1CCC2=O	C[C@]12CCC3C4=C(=O)C(=O)CC=C4CCC3C1CCC2=O
estrone-2,3-semiquinone	MAM01792r	MAM01792	https://www.metanetx.org/chem_info/MNXM52646		C[C@]12CCC3C4=CC(=O)C(=O)C=C4CCC3C1CCC2=O	C[C@]12CCC3C4=CC(=O)C(=O)C=C4CCC3C1CCC2=O
Hyodeoxycholic acid-6glucuronide, HDCA-6G	MAM03645r	MAM03645	195891	is this	C[C@H](CCC(=O)O)[C@H]1CC[C@@H]2[C@@]1(CC[C@H]3[C@H]2C[C@@H]([C@H]4[C@@]3(CC[C@H](C4)O)C)O[C@H]5[C@@H]([C@H]([C@@H]([C@H](O5)C(=O)O)O)O)O)C	C[C@H](CCC(=O)O)[C@H]1CC[C@@H]2[C@@]1(CC[C@H]3[C@H]2C[C@@H]([C@H]4[C@@]3(CC[C@H](C4)O)C)O[C@H]5[C@@H]([C@H]([C@@H]([C@H](O5)C(=O)O)O)O)O)C
Lithocholic acid-3glucuronide, CDCA-3G	MAM03708r	MAM03708	101627374	is this	C[C@H](CCC(=O)O)[C@H]1CC[C@@H]2[C@@]1(CC[C@H]3[C@H]2CC[C@H]4[C@@]3(CC[C@H](C4)O[C@H]5[C@@H]([C@H]([C@@H]([C@H](O5)C(=O)O)O)O)O)C)C	C[C@H](CCC(=O)O)[C@H]1CC[C@@H]2[C@@]1(CC[C@H]3[C@H]2CC[C@H]4[C@@]3(CC[C@H](C4)O[C@H]5[C@@H]([C@H]([C@@H]([C@H](O5)C(=O)O)O)O)O)C)C
Dibenzo[A,L]Pyrene-11,12-Diol-13,14-Epoxide	MAM03385r	MAM03385	164497	Change chiral centers from anti to syn 	C1=CC=C2C(=C1)C3=CC=CC4=C3C5=C2C6=C(C=C5C=C4)[C@H]([C@@H]([C@H]7[C@@H]6O7)O)O	C1=CC=C2C(=C1)C3=CC=CC4=C3C5=C2C6=C(C=C5C=C4)C(=C([C@H]7[C@@H]6O7)O)O
Benzo[A]Pyrene-2,3-Diol	MAM03378x	MAM03378	42267	is this	C1=CC2=C3C(=C1)C=CC4=C3C(=CC5=C4C=CC(=C5O)O)C=C2	C1=CC2=C3C(=C1)C=CC4=C3C(=CC5=C4C=CC(=C5O)O)C=C2
dehydrodolichol	MAM01656c	MAM01656	MAM01730c	dehydro	CC(C)=CCC/C(C)=C/CC/C(C)=C/CC/C(C)=C\CCC(C)CCO	CC(C)=CCC/C(C)=C/CC/C(C)=C/CC/C(C)=C\CCC(C)CCO
cholesterol-ester-6,9,12,15,18,21-tetra	MAM01471r	MAM01471	MAM00113r	replace coa with cholesterol	CC/C=C\C/C=C\C/C=C\C/C=C\C/C=C\C/C=C\CCCCC(=O)SCCNC(=O)CCNC(=O)[C@H](O)C(C)(C)COP(=O)(O)OP(=O)(O)OC[C@H]1O[C@@H](n2cnc3c(N)ncnc32)[C@H](O)[C@@H]1OP(=O)(O)O	CC/C=C\C/C=C\C/C=C\C/C=C\C/C=C\C/C=C\CCCCC(=O)CC(C)CCC[C@@H](C)[C@H]1CC[C@H]2[C@@H]3CC=C4C[C@@H](O)CC[C@]4(C)[C@H]3CC[C@@]21C
cholesterol-ester-9,12,15,18,21-tetra	MAM01482r	MAM01482	MAM00134r	replace coa with cholesterol	CC/C=C\C/C=C\C/C=C\C/C=C\C/C=C\CCCCCCCC(=O)SCCNC(=O)CCNC(=O)[C@H](O)C(C)(C)COP(=O)(O)OP(=O)(O)OC[C@H]1O[C@@H](n2cnc3c(N)ncnc32)[C@H](O)[C@@H]1OP(=O)(O)O	CC/C=C\C/C=C\C/C=C\C/C=C\C/C=C\CCCCCCCC(=O)CC(C)CCC[C@@H](C)[C@H]1CC[C@H]2[C@@H]3CC=C4C[C@@H](O)CC[C@]4(C)[C@H]3CC[C@@]21C
1-acylglycerol-3P-9,12,15,18,21-tetra	MAM00466c	MAM00466	5497152	add 	OCC(O)CO[P](=O)(O)O	CC/C=C\C/C=C\C/C=C\C/C=C\C/C=C\CCCCCCCC(=O)OCC(O)CO[P](=O)(O)O
cholesterol-ester-6,9,12,15-octa	MAM01473r	MAM01473	MAM00108r	replace coa with cholesterol	CC/C=C\C/C=C\C/C=C\C/C=C\CCCCC(=O)SCCNC(=O)CCNC(=O)[C@H](O)C(C)(C)COP(=O)(O)OP(=O)(O)OC[C@H]1O[C@@H](n2cnc3c(N)ncnc32)[C@H](O)[C@@H]1OP(=O)(O)O	CC/C=C\C/C=C\C/C=C\C/C=C\CCCCC(=O)CC(C)CCC[C@@H](C)[C@H]1CC[C@H]2[C@@H]3CC=C4C[C@@H](O)CC[C@]4(C)[C@H]3CC[C@@]21C
cholesterol-ester-8,11,14,17-eico	MAM01480r	MAM01480	MAM02648l	replace coa with cholesterol	CC/C=C\C/C=C\C/C=C\C/C=C\CCCCCCC(=O)O	CC/C=C\C/C=C\C/C=C\C/C=C\CCCCCCC(=O)CC(C)CCC[C@@H](C)[C@H]1CC[C@H]2[C@@H]3CC=C4C[C@@H](O)CC[C@]4(C)[C@H]3CC[C@@]21C
1-acylglycerol-3P-8,11,14,17-eico	MAM00464c	MAM00464	5497152	add 	OCC(O)CO[P](=O)(O)O	CC/C=C\C/C=C\C/C=C\C/C=C\CCCCCCC(=O)OCC(O)CO[P](=O)(O)O
cholesterol-ester-12,15,18,21-tetracosa	MAM01459r	MAM01459	MAM00317r	replace coa with cholesterol	CC/C=C\C/C=C\C/C=C\CC=CCCCCCCCCCCC(=O)SCCNC(=O)CCNC(=O)[C@H](O)C(C)(C)COP(=O)([O-])OP(=O)([O-])OC[C@@H]1O[C@H](n2cnc3c(N)ncnc32)[C@H](O)[C@@H]1OP(=O)([O-])[O-]	CC/C=C\C/C=C\C/C=C\CC=CCCCCCCCCCCC(=O)CC(C)CCC[C@@H](C)[C@H]1CC[C@H]2[C@@H]3CC=C4C[C@@H](O)CC[C@]4(C)[C@H]3CC[C@@]21C
3-oxoeicosa-cis,cis,cis-11,14,17-trienoyl-CoA	MAM00869c	MAM00869	71581038	is this	CC/C=C\C/C=C\C/C=C\CCCCCCCC(=O)CC(=O)SCCNC(=O)CCNC(=O)[C@@H](C(C)(C)COP(=O)(O)OP(=O)(O)OC[C@@H]1[C@H]([C@H]([C@@H](O1)N2C=NC3=C(N=CN=C32)N)O)OP(=O)(O)O)O	CC/C=C\C/C=C\C/C=C\CCCCCCCC(=O)CC(=O)SCCNC(=O)CCNC(=O)[C@@H](C(C)(C)COP(=O)(O)OP(=O)(O)OC[C@@H]1[C@H]([C@H]([C@@H](O1)N2C=NC3=C(N=CN=C32)N)O)OP(=O)(O)O)O
(3S)-hydroxy-eicosa-cis,cis,cis-11,14,17-trienoyl-CoA	MAM00086c	MAM00086	71581038	oxo to hydroxy	CC/C=C\C/C=C\C/C=C\CCCCCCCC(=O)CC(=O)SCCNC(=O)CCNC(=O)[C@@H](C(C)(C)COP(=O)(O)OP(=O)(O)OC[C@@H]1[C@H]([C@H]([C@@H](O1)N2C=NC3=C(N=CN=C32)N)O)OP(=O)(O)O)O	CC/C=C\C/C=C\C/C=C\CCCCCCCC(O)CC(=O)SCCNC(=O)CCNC(=O)[C@@H](C(C)(C)COP(=O)(O)OP(=O)(O)OC[C@@H]1[C@H]([C@H]([C@@H](O1)N2C=NC3=C(N=CN=C32)N)O)OP(=O)(O)O)O
cholesterol-ester-11,14,17-eico	MAM01455r	MAM01455	MAM00012r	replace coa with cholesterol	CC/C=C\C/C=C\C/C=C\CCCCCCCCCC(=O)SCCNC(=O)CCNC(=O)[C@H](O)C(C)(C)COP(=O)([O-])OP(=O)([O-])OC[C@H]1O[C@@H](n2cnc3c(N)ncnc32)[C@H](O)[C@@H]1OP(=O)([O-])[O-]	CC/C=C\C/C=C\C/C=C\CCCCCCCCCC(=O)CC(C)CCC[C@@H](C)[C@H]1CC[C@H]2[C@@H]3CC=C4C[C@@H](O)CC[C@]4(C)[C@H]3CC[C@@]21C
cholesterol-ester-13,16,19-doco	MAM01460r	MAM01460	MAM00343r	replace coa with cholesterol	CC/C=C\C/C=C\C/C=C\CCCCCCCCCCCC(=O)SCCNC(=O)CCNC(=O)[C@H](O)C(C)(C)COP(=O)([O-])OP(=O)([O-])OC[C@H]1O[C@@H](n2cnc3c(N)ncnc32)[C@H](O)[C@@H]1OP(=O)([O-])[O-]	CC/C=C\C/C=C\C/C=C\CCCCCCCCCCCC(=O)CC(C)CCC[C@@H](C)[C@H]1CC[C@H]2[C@@H]3CC=C4C[C@@H](O)CC[C@]4(C)[C@H]3CC[C@@]21C
12,13-epoxylinoleic acid-radical	MAM00313c	MAM00313	69497189	acid to radical	CC/C=C\CC1=C(O1)C/C=C\CCCCCCCC(=O)O	CC/C=C\CC1=C(O1)C/C=C\CCCCCCCC(=O)[O-]
cholesterol-ester-13-octade	MAM01464r	MAM01464	MAM00019l	replace acid with cholesterol	CCCC/C=C\CCCCCCCCCCCC(=O)[O-]	CCCC/C=C\CCCCCCCCCCCC(=O)CC(C)CCC[C@@H](C)[C@H]1CC[C@H]2[C@@H]3CC=C4C[C@@H](O)CC[C@]4(C)[C@H]3CC[C@@]21C
cholesterol-ester-6,9-octa	MAM01474r	MAM01474	MAM00104l	replace acid with cholesterol	CCCCC/C=C/C/C=C/CCCCCCCC(=O)O	CCCCC/C=C/C/C=C/CCCCCCCC(=O)CC(C)CCC[C@@H](C)[C@H]1CC[C@H]2[C@@H]3CC=C4C[C@@H](O)CC[C@]4(C)[C@H]3CC[C@@]21C
Linoelaidic Acid ACP (All Trans)	MAM03725c	MAM03725	5282457	from acid add ACP	CCCCC/C=C/C/C=C/CCCCCCCC(=O)O	CCCCC/C=C/C/C=C/CCCCCCCC(=O)S
cholesterol-ester-4,7,10,13,16-docosa	MAM01467r	MAM01467	MAM00094r	replace coa with cholesterol	CCCCC/C=C\C/C=C\C/C=C\C/C=C\C/C=C\CCC(=O)O	CCCCC/C=C\C/C=C\C/C=C\C/C=C\C/C=C\CCC(=O)CC(C)CCC[C@@H](C)[C@H]1CC[C@H]2[C@@H]3CC=C4C[C@@H](O)CC[C@]4(C)[C@H]3CC[C@@]21C
cholesterol-ester-6,9,12,15,18-tetraco	MAM01472r	MAM01472	MAM00110r	replace coa with cholesterol	CCCCC/C=C\C/C=C\C/C=C\C/C=C\C/C=C\CCCCC(=O)SCCNC(=O)CCNC(=O)[C@H](O)C(C)(C)COP(=O)(O)OP(=O)(O)OC[C@H]1O[C@@H](n2cnc3c(N)ncnc32)[C@H](O)[C@@H]1OP(=O)(O)O	CCCCC/C=C\C/C=C\C/C=C\C/C=C\C/C=C\CCCCC(=O)CC(C)CCC[C@@H](C)[C@H]1CC[C@H]2[C@@H]3CC=C4C[C@@H](O)CC[C@]4(C)[C@H]3CC[C@@]21C
1-acylglycerol-3P-9,12,15,18-tetraco	MAM00467c	MAM00467	5497152	add 	OCC(O)CO[P](=O)(O)O	CCCCC/C=C\C/C=C\C/C=C\C/C=C\CCCCCCCC(=O)OCC(O)CO[P](=O)(O)O
cholesterol-ester-gamma-lin	MAM01493r	MAM01493	MAM01932l	replace coa with cholesterol	CCCCC/C=C\C/C=C\C/C=C\CCCCC(=O)O	CCCCC/C=C\C/C=C\C/C=C\CCCCC(=O)CC(C)CCC[C@@H](C)[C@H]1CC[C@H]2[C@@H]3CC=C4C[C@@H](O)CC[C@]4(C)[C@H]3CC[C@@]21C
cholesterol-ester-10,13,16-docosa	MAM01453r	MAM01453	MAM00264r	replace coa with cholesterol	CCCCC/C=C\C/C=C\C/C=C\CCCCCCCCC(=O)SCCNC(=O)CCNC(=O)[C@H](O)C(C)(C)COP(=O)([O-])OP(=O)([O-])OC[C@@H]1O[C@H](n2cnc3c(N)ncnc32)[C@H](O)[C@@H]1OP(=O)([O-])[O-]	CCCCC/C=C\C/C=C\C/C=C\CCCCCCCCC(=O)CC(C)CCC[C@@H](C)[C@H]1CC[C@H]2[C@@H]3CC=C4C[C@@H](O)CC[C@]4(C)[C@H]3CC[C@@]21C
Octadecynoyl-ACP (N-C18:2ACP)	MAM03788c	MAM03788	MAM03787c	from acid add ACP	CCCCC/C=C\C/C=C\CCCCCCCC(=O)O	CCCCC/C=C\C/C=C\CCCCCCCC(=O)S
cholesterol-ester-cis-vac	MAM01489r	MAM01489	MAM01586r	replace coa with cholesterol	CCCCCC/C=C/CCCCCCCCCC(=O)SCCNC(=O)CCNC(=O)[C@H](O)C(C)(C)COP(=O)(O)OP(=O)(O)OC[C@H]1O[C@@H](n2cnc3c(N)ncnc32)C(O)[C@H]1OP(=O)(O)O	CCCCCC/C=C/CCCCCCCCCC(=O)CC(C)CCC[C@@H](C)[C@H]1CC[C@H]2[C@@H]3CC=C4C[C@@H](O)CC[C@]4(C)[C@H]3CC[C@@]21C
trans,cis-myristo-2,7-dienoyl-CoA	MAM03023x	MAM03023	MAM01574m	remove OHH 	CCCCCC/C=C\CCCC(O)CC(=O)SCCNC(=O)CCNC(=O)C(O)C(C)(C)COP(=O)([O-])OP(=O)([O-])OCC1O[C@H](n2cnc3c(N)ncnc32)C(O)C1OP(=O)([O-])[O-]	CCCCCC/C=C\CCCC(O)CC(=O)SCCNC(=O)CCNC(=O)C(O)C(C)(C)COP(=O)([O-])OP(=O)([O-])OCC1O[C@H](n2cnc3c(N)ncnc32)C(O)C1OP(=O)([O-])[O-]
cholesterol-ester-7-tetrade	MAM01479r	MAM01479	MAM00117l	replace acid with cholesterol	CCCCCC/C=C\CCCCCC(=O)O	CCCCCC/C=C\CCCCCC(=O)CC(C)CCC[C@@H](C)[C@H]1CC[C@H]2[C@@H]3CC=C4C[C@@H](O)CC[C@]4(C)[C@H]3CC[C@@]21C
1-acylglycerol-3P-7-tetrade	MAM00463c	MAM00463	5497152	add tetrade	OCC(O)CO[P](=O)(O)O	CCCCCC/C=C\CCCCCC(=O)OCC(O)COP(=O)(O)O
cholesterol-ester-13-eicose	MAM01463r	MAM01463	MAM00017l	replace acid with cholesterol	CCCCCC/C=C\CCCCCCCCCCCC(=O)O	CCCCCC/C=C\CCCCCCCCCCCC(=O)CC(C)CCC[C@@H](C)[C@H]1CC[C@H]2[C@@H]3CC=C4C[C@@H](O)CC[C@]4(C)[C@H]3CC[C@@]21C
cholesterol-ester-9-heptade	MAM01485r	MAM01485	MAM01237r	replace coa with cholesterol	CCCCCCC/C=C\CCCCCCCC(=O)SCCNC(=O)CCNC(=O)[C@H](O)C(C)(C)COP(=O)([O-])OP(=O)([O-])OC[C@H]1O[C@@H](n2cnc3c(N)ncnc32)[C@H](O)[C@@H]1OP(=O)([O-])[O-]	CCCCCCC/C=C\CCCCCCCC(=O)CC(C)CCC[C@@H](C)[C@H]1CC[C@H]2[C@@H]3CC=C4C[C@@H](O)CC[C@]4(C)[C@H]3CC[C@@]21C
Tetradecenoyl Coenzyme A (N-C14:1)	MAM04040m	MAM04040	http://vm-trypanocyc.toulouse.inra.fr/META/new-image?object=CPD0-2228			CCCCCCC=CCCCCCC(=O)SCCNC(=O)CCNC(=O)C(O)C(C)(C)COP(=O)(OP(=O)(OCC1(C(OP([O-])(=O)[O-])C(O)C(O1)N3(C2(=C(C(N)=NC=N2)N=C3))))[O-])[O-]
(2E)-undecenoyl-[ACP]	MAM00070c	MAM00070	5282728	acid to coa to apc	CCCCCCCC/C=C/C(=O)O	CCCCCCCC/C=C/C(=O)S
cholesterol-ester-9-octa	MAM01486r	MAM01486	MAM01778l	replace coa with cholesterol	CCCCCCCC/C=C/CCCCCCCC(=O)[O-]	CCCCCCCC/C=C/CCCCCCCC(=O)CC(C)CCC[C@@H](C)[C@H]1CC[C@H]2[C@@H]3CC=C4C[C@@H](O)CC[C@]4(C)[C@H]3CC[C@@]21C
cholesterol-ester-5,8,11-eico	MAM01469r	MAM01469	MAM00101r	replace coa with cholesterol	CCCCCCCC/C=C\C/C=C\C/C=C\CCCC(=O)SCCNC(=O)CCNC(=O)[C@H](O)C(C)(C)COP(=O)(O)OP(=O)(O)OC[C@H]1O[C@@H](n2cnc3c(N)ncnc32)C(O)C1OP(=O)(O)O	CCCCCCCC/C=C\C/C=C\C/C=C\CCCC(=O)CC(C)CCC[C@@H](C)[C@H]1CC[C@H]2[C@@H]3CC=C4C[C@@H](O)CC[C@]4(C)[C@H]3CC[C@@]21C
trans,cis-2,8,11-eicosatrienoyl-CoA	MAM03017c	MAM03017	5312531	change 5 to 2, then make transacid to coa, add trans	CCCCCCCC/C=C\C/C=C\CCCCCCC(=O)SCCNC(=O)CCNC(=O)[C@H](O)C(C)(C)COP(=O)(O)OP(=O)(O)OC[C@H]1O[C@@H](n2cnc3c(N)ncnc32)C(O)C1OP(=O)(O)O	CCCCCCCC/C=C\C/C=C\CCCC\C=C\C(=O)SCCNC(=O)CCNC(=O)C(O)C(C)(C)COP(=O)([O-])OP(=O)([O-])OCC1O[C@H](n2cnc3c(N)ncnc32)C(O)C1OP(=O)([O-])[O-]
cholesterol-ester-8,11-eico	MAM01481r	MAM01481	MAM00123r	replace coa with cholesterol	CCCCCCCC/C=C\C/C=C\CCCCCCC(=O)SCCNC(=O)CCNC(=O)[C@H](O)C(C)(C)COP(=O)(O)OP(=O)(O)OC[C@H]1O[C@@H](n2cnc3c(N)ncnc32)C(O)C1OP(=O)(O)O	CCCCCCCC/C=C\C/C=C\CCCCCCC(=O)CC(C)CCC[C@@H](C)[C@H]1CC[C@H]2[C@@H]3CC=C4C[C@@H](O)CC[C@]4(C)[C@H]3CC[C@@]21C
1-acylglycerol-3P-8,11-eico	MAM00465c	MAM00465	5497152	add 	OCC(O)CO[P](=O)(O)O	CCCCCCCC/C=C\C/C=C\CCCCCCC(=O)OCC(O)CO[P](=O)(O)O
cholesterol-ester-5-tetra	MAM01470r	MAM01470	MAM01141r	replace coa with cholesterol	CCCCCCCC/C=C\CCCC(=O)SCCNC(=O)CCNC(=O)[C@H](O)C(C)(C)COP(=O)([O-])OP(=O)([O-])OC[C@H]1O[C@@H](n2cnc3c(N)ncnc32)[C@H](O)[C@@H]1OP(=O)([O-])[O-]	CCCCCCCC/C=C\CCCC(=O)CC(C)CCC[C@@H](C)[C@H]1CC[C@H]2[C@@H]3CC=C4C[C@@H](O)CC[C@]4(C)[C@H]3CC[C@@]21C
cholesterol-ester-7-hexa	MAM01477r	MAM01477	MAM01191r	replace coa with cholesterol	CCCCCCCC/C=C\CCCCCC(=O)SCCNC(=O)CCNC(=O)[C@H](O)C(C)(C)COP(=O)([O-])OP(=O)([O-])OC[C@H]1O[C@@H](n2cnc3c(N)ncnc32)[C@H](O)[C@@H]1OP(=O)([O-])[O-]	CCCCCCCC/C=C\CCCCCC(=O)CC(C)CCC[C@@H](C)[C@H]1CC[C@H]2[C@@H]3CC=C4C[C@@H](O)CC[C@]4(C)[C@H]3CC[C@@]21C
cholesterol-ester-hexecose	MAM01497r	MAM01497	MAM02112r	replace coa with cholesterol	CCCCCCCC/C=C\CCCCCCCCCCCCCCCC(=O)SCCNC(=O)CCNC(=O)[C@H](O)C(C)(C)COP(=O)([O-])OP(=O)([O-])OC[C@H]1O[C@@H](n2cnc3c(N)ncnc32)[C@H](O)[C@@H]1OP(=O)([O-])[O-]	CCCCCCCC/C=C\CCCCCCCCCCCCCCCC(=O)CC(C)CCC[C@@H](C)[C@H]1CC[C@H]2[C@@H]3CC=C4C[C@@H](O)CC[C@]4(C)[C@H]3CC[C@@]21C
1-acylglycerol-3P-hexecose	MAM00483c	MAM00483	5497152	add 	OCC(O)CO[P](=O)(O)O	CCCCCCCC/C=C\CCCCCCCCCCCCCCCC(=O)OCC(O)CO[P](=O)(O)O
(2E)-tridecenoyl-[ACP]	MAM00068c	MAM00068	5282735	acid to coa to apc	CCCCCCCCCC/C=C/C(=O)O	CCCCCCCCCC/C=C/C(=O)S
cholesterol-ester-7-octade	MAM01478r	MAM01478	MAM00116r	replace coa with cholesterol	CCCCCCCCCC/C=C\CCCCCC(=O)SCCNC(=O)CCNC(=O)[C@H](O)C(C)(C)COP(=O)([O-])OP(=O)([O-])OC[C@H]1O[C@@H](n2cnc3c(N)ncnc32)[C@H](O)[C@@H]1OP(=O)([O-])[O-]	CCCCCCCCCC/C=C\CCCCCC(=O)CC(C)CCC[C@@H](C)[C@H]1CC[C@H]2[C@@H]3CC=C4C[C@@H](O)CC[C@]4(C)[C@H]3CC[C@@]21C
cholesterol-ester-9-eicose	MAM01484r	MAM01484	MAM01235l	replace coa with cholesterol	CCCCCCCCCC/C=C\CCCCCCCC(=O)O	CCCCCCCCCC/C=C\CCCCCCCC(=O)CC(C)CCC[C@@H](C)[C@H]1CC[C@H]2[C@@H]3CC=C4C[C@@H](O)CC[C@]4(C)[C@H]3CC[C@@]21C
cholesterol-ester-11-docose	MAM01457r	MAM01457	MAM01582l	replace acid with cholesterol	CCCCCCCCCC/C=C\CCCCCCCCCC(=O)	CCCCCCCCCC/C=C\CCCCCCCCCC(=O)CC(C)CCC[C@@H](C)[C@H]1CC[C@H]2[C@@H]3CC=C4C[C@@H](O)CC[C@]4(C)[C@H]3CC[C@@]21C
cholesterol-ester-tridec	MAM01510r	MAM01510	MAM03051l	replace coa with cholesterol	CCCCCCCCCCCCC(=O)O	CCCCCCCCCCCCC(=O)CC(C)CCC[C@@H](C)[C@H]1CC[C@H]2[C@@H]3CC=C4C[C@@H](O)CC[C@]4(C)[C@H]3CC[C@@]21C
(2E)-heptadecenoyl-[ACP]	MAM00045c	MAM00045	11966201	coa to acp	CCCCCCCCCCCCCC/C=C/C(=O)O	CCCCCCCCCCCCCC/C=C/C(=O)S
cholesterol-ester-9,12,15,18-tetraco	MAM01483r	MAM01483	MAM00132r	replace coa with cholesterol	CCCCCCCCCCCCCCCC=CC=CC=CC=CC(=O)O	CCCCCCCCCCCCCCCC=CC=CC=CC=CC(=O)CC(C)CCC[C@@H](C)[C@H]1CC[C@H]2[C@@H]3CC=C4C[C@@H](O)CC[C@]4(C)[C@H]3CC[C@@]21C
3-oxo-eicosadienoyl-CoA	MAM00871c	MAM00871	25229571	is this	CCCCCCCCCCCCCCCCCC(=O)CC(=O)SCCNC(=O)CCNC(=O)[C@@H](C(C)(C)COP(=O)(O)OP(=O)(O)OC[C@@H]1[C@H]([C@H]([C@@H](O1)N2C=NC3=C(N=CN=C32)N)O)OP(=O)(O)O)O	CCCCCCCCCCCCCCCCCC(=O)CC(=O)SCCNC(=O)CCNC(=O)[C@@H](C(C)(C)COP(=O)(O)OP(=O)(O)OC[C@@H]1[C@H]([C@H]([C@@H](O1)N2C=NC3=C(N=CN=C32)N)O)OP(=O)(O)O)O
(3S)-hydroxy-docasa-cis,cis-13,16-dienoyl-CoA	MAM00085c	MAM00085	MAM00860c	oxo to hydroxy	CCCCCCCCCCCCCCCCCCCC(=O)CC(=O)SCCNC(=O)CCNC(=O)[C@H](O)C(C)(C)COP(=O)([O-])OP(=O)([O-])OC[C@H]1O[C@@H](n2cnc3c(N)ncnc32)[C@H](O)[C@@H]1OP(=O)([O-])[O-]	CCCCCCCCCCCCCCCCCCCC(O)CC(=O)SCCNC(=O)CCNC(=O)[C@H](O)C(C)(C)COP(=O)([O-])OP(=O)([O-])OC[C@H]1O[C@@H](n2cnc3c(N)ncnc32)[C@H](O)[C@@H]1OP(=O)([O-])[O-]
cholesterol-ester-heneico	MAM01494r	MAM01494	MAM02052r	replace coa with cholesterol	CCCCCCCCCCCCCCCCCCCCC(=O)SCCNC(=O)CCNC(=O)C(O)C(C)(C)COP(=O)([O-])OP(=O)([O-])OCC1OC(n2cnc3c(N)ncnc32)C(O)C1OP(=O)([O-])[O-]	CCCCCCCCCCCCCCCCCCCCC(=O)CC(C)CCC[C@@H](C)[C@H]1CC[C@H]2[C@@H]3CC=C4C[C@@H](O)CC[C@]4(C)[C@H]3CC[C@@]21C
cholesterol-ester-trico	MAM01509r	MAM01509	MAM03047r	replace coa with cholesterol	CCCCCCCCCCCCCCCCCCCCCCC(=O)SCCNC(=O)CCNC(=O)[C@H](O)C(C)(C)COP(=O)([O-])OP(=O)([O-])OC[C@H]1O[C@@H](n2cnc3c(N)ncnc32)[C@H](O)[C@@H]1OP(=O)([O-])[O-]	CCCCCCCCCCCCCCCCCCCCCCC(=O)CC(C)CCC[C@@H](C)[C@H]1CC[C@H]2[C@@H]3CC=C4C[C@@H](O)CC[C@]4(C)[C@H]3CC[C@@]21C
cholesterol-ester-tetraco	MAM01508r	MAM01508	MAM02385l	replace coa with cholesterol	CCCCCCCCCCCCCCCCCCCCCCCC(=O)O	CCCCCCCCCCCCCCCCCCCCCCCC(=O)CC(C)CCC[C@@H](C)[C@H]1CC[C@H]2[C@@H]3CC=C4C[C@@H](O)CC[C@]4(C)[C@H]3CC[C@@]21C
cholesterol-ester-hexacosa	MAM01496r	MAM01496	MAM02110r	replace coa with cholesterol	CCCCCCCCCCCCCCCCCCCCCCCCCC(=O)SCCNC(=O)CCNC(=O)[C@H](O)C(C)(C)COP(=O)(O)OP(=O)(O)OC[C@H]1O[C@@H](n2cnc3c(N)ncnc32)[C@H](O)[C@@H]1OP(=O)(O)O	CCCCCCCCCCCCCCCCCCCCCCCCCC(=O)CC(C)CCC[C@@H](C)[C@H]1CC[C@H]2[C@@H]3CC=C4C[C@@H](O)CC[C@]4(C)[C@H]3CC[C@@]21C
